/*
 Navicat Premium Data Transfer

 Source Server         : v2测试数据库
 Source Server Type    : MySQL
 Source Server Version : 50713
 Source Host           : 192.168.0.248:3306
 Source Schema         : xinke_price_calculator

 Target Server Type    : MySQL
 Target Server Version : 50713
 File Encoding         : 65001

 Date: 21/12/2020 22:01:56
*/

SET NAMES utf8mb4;
SET FOREIGN_KEY_CHECKS = 0;

-- ----------------------------
-- Table structure for db_calculate_record
-- ----------------------------
DROP TABLE IF EXISTS `db_calculate_record`;
CREATE TABLE `db_calculate_record`  (
  `id` int(11) NOT NULL AUTO_INCREMENT COMMENT 'id',
  `user_id` int(11) NOT NULL COMMENT '用户id',
  `strategy_id` int(11) NOT NULL COMMENT '策略id',
  `strategy_detail_id` int(11) NOT NULL COMMENT '时期价格',
  `date_range` int(3) NOT NULL COMMENT '时期类型（0短期；1中期；2长期）',
  `amount` decimal(15, 2) NOT NULL COMMENT '合约量（吨）',
  `is_share` int(3) NULL DEFAULT 0 COMMENT '是否分享（0未分享；1分享）',
  `result_price` decimal(15, 2) NULL DEFAULT NULL COMMENT '计算结果',
  `is_good` int(3) NULL DEFAULT 0 COMMENT '是否好用（0未参与；1有用；2没用）',
  `created_at` timestamp(0) NULL DEFAULT CURRENT_TIMESTAMP(0) COMMENT '创建时间',
  `updated_at` timestamp(0) NULL DEFAULT CURRENT_TIMESTAMP(0) ON UPDATE CURRENT_TIMESTAMP(0) COMMENT '更新时间',
  `created_by` varchar(100) CHARACTER SET utf8 COLLATE utf8_general_ci NULL DEFAULT NULL COMMENT '创建人',
  `updated_by` varchar(100) CHARACTER SET utf8 COLLATE utf8_general_ci NULL DEFAULT NULL COMMENT '更新人',
  PRIMARY KEY (`id`) USING BTREE
) ENGINE = InnoDB AUTO_INCREMENT = 291 CHARACTER SET = utf8 COLLATE = utf8_general_ci ROW_FORMAT = Dynamic;

-- ----------------------------
-- Records of db_calculate_record
-- ----------------------------
INSERT INTO `db_calculate_record` VALUES (1, 1, 1, 2, 0, 201.00, 1, NULL, 0, '2020-12-11 14:48:52', '2020-12-19 14:41:24', NULL, NULL);
INSERT INTO `db_calculate_record` VALUES (2, 1, 1, 3, 2, 302.00, 0, 3200.00, 0, '2020-12-15 10:09:40', '2020-12-19 14:41:30', NULL, NULL);
INSERT INTO `db_calculate_record` VALUES (3, 1, 1, 3, 2, 500.00, 0, 3200.00, 0, '2020-12-15 10:14:42', '2020-12-15 10:14:42', NULL, NULL);
INSERT INTO `db_calculate_record` VALUES (4, 1, 1, 3, 2, 600.00, 0, 3200.00, 0, '2020-12-15 13:45:56', '2020-12-15 13:45:56', NULL, NULL);
INSERT INTO `db_calculate_record` VALUES (5, 1, 1, 3, 2, 600.00, 0, 3200.00, 0, '2020-12-15 13:56:01', '2020-12-15 13:56:01', NULL, NULL);
INSERT INTO `db_calculate_record` VALUES (6, 1, 1, 3, 2, 620.00, 0, 3200.00, 0, '2020-12-15 14:39:11', '2020-12-15 14:39:11', NULL, NULL);
INSERT INTO `db_calculate_record` VALUES (7, 1, 1, 3, 2, 620.00, 0, 3200.00, 0, '2020-12-15 14:42:14', '2020-12-15 14:42:14', NULL, NULL);
INSERT INTO `db_calculate_record` VALUES (8, 1, 1, 3, 2, 620.00, 0, 3200.00, 0, '2020-12-15 14:48:20', '2020-12-15 14:48:20', NULL, NULL);
INSERT INTO `db_calculate_record` VALUES (9, 1, 1, 3, 2, 620.00, 0, 3200.00, 0, '2020-12-15 15:00:16', '2020-12-15 15:00:16', NULL, NULL);
INSERT INTO `db_calculate_record` VALUES (10, 1, 1, 3, 2, 620.00, 0, 3200.00, 0, '2020-12-15 15:01:19', '2020-12-15 15:01:19', NULL, NULL);
INSERT INTO `db_calculate_record` VALUES (11, 1, 1, 3, 2, 620.00, 0, 3200.00, 0, '2020-12-15 15:10:31', '2020-12-15 15:10:31', NULL, NULL);
INSERT INTO `db_calculate_record` VALUES (12, 1, 1, 1, 0, 620.00, 0, 3200.00, 0, '2020-12-15 15:13:33', '2020-12-15 15:13:33', NULL, NULL);
INSERT INTO `db_calculate_record` VALUES (13, 1, 1, 3, 2, 620.00, 0, 3200.00, 0, '2020-12-15 15:17:57', '2020-12-15 15:17:57', NULL, NULL);
INSERT INTO `db_calculate_record` VALUES (14, 1, 1, 1, 0, 620.00, 0, 3200.00, 0, '2020-12-15 15:19:53', '2020-12-15 15:19:53', NULL, NULL);
INSERT INTO `db_calculate_record` VALUES (15, 1, 1, 2, 1, 620.00, 1, 3200.00, 0, '2020-12-15 15:20:15', '2020-12-18 18:23:12', NULL, NULL);
INSERT INTO `db_calculate_record` VALUES (16, 1, 1, 3, 2, 620.00, 1, 3200.00, 0, '2020-12-15 15:20:48', '2020-12-18 18:21:32', NULL, NULL);
INSERT INTO `db_calculate_record` VALUES (17, 1, 1, 3, 2, 620.00, 1, 3200.00, 0, '2020-12-15 15:29:45', '2020-12-18 17:50:47', NULL, NULL);
INSERT INTO `db_calculate_record` VALUES (18, 1, 1, 3, 2, 620.00, 1, 3200.00, 0, '2020-12-15 15:30:04', '2020-12-18 10:45:48', NULL, NULL);
INSERT INTO `db_calculate_record` VALUES (19, 1, 1, 3, 2, 620.00, 1, 3200.00, 0, '2020-12-15 15:30:47', '2020-12-18 11:59:25', NULL, NULL);
INSERT INTO `db_calculate_record` VALUES (20, 1, 1, 3, 2, 623.00, 0, 3200.00, 0, '2020-12-15 15:34:33', '2020-12-19 14:41:43', NULL, NULL);
INSERT INTO `db_calculate_record` VALUES (21, 1, 1, 3, 2, 624.00, 0, 3200.00, 0, '2020-12-15 15:45:02', '2020-12-19 14:41:39', NULL, NULL);
INSERT INTO `db_calculate_record` VALUES (22, 1, 1, 1, 0, 625.00, 0, 3200.00, 0, '2020-12-15 15:51:17', '2020-12-19 14:41:35', NULL, NULL);
INSERT INTO `db_calculate_record` VALUES (23, 12, 1, 1, 0, 620.00, 0, 3200.00, 0, '2020-12-15 15:51:26', '2020-12-17 18:13:00', NULL, NULL);
INSERT INTO `db_calculate_record` VALUES (24, 12, 1, 1, 0, 620.00, 0, 3200.00, 0, '2020-12-15 15:51:35', '2020-12-17 18:13:02', NULL, NULL);
INSERT INTO `db_calculate_record` VALUES (25, 12, 1, 1, 0, 620.00, 0, 3200.00, 0, '2020-12-15 15:51:42', '2020-12-17 18:13:03', NULL, NULL);
INSERT INTO `db_calculate_record` VALUES (26, 12, 1, 1, 0, 620.00, 0, 3200.00, 0, '2020-12-15 15:51:58', '2020-12-17 18:13:04', NULL, NULL);
INSERT INTO `db_calculate_record` VALUES (27, 12, 1, 1, 0, 620.00, 0, 3200.00, 0, '2020-12-15 15:52:23', '2020-12-17 18:13:04', NULL, NULL);
INSERT INTO `db_calculate_record` VALUES (28, 12, 1, 1, 0, 620.00, 0, 3200.00, 0, '2020-12-15 15:53:16', '2020-12-17 18:13:05', NULL, NULL);
INSERT INTO `db_calculate_record` VALUES (29, 1, 1, 1, 0, 620.00, 0, 3200.00, 0, '2020-12-15 15:55:33', '2020-12-15 15:55:33', NULL, NULL);
INSERT INTO `db_calculate_record` VALUES (30, 1, 1, 1, 0, 620.00, 0, 3200.00, 0, '2020-12-15 15:55:50', '2020-12-15 15:55:50', NULL, NULL);
INSERT INTO `db_calculate_record` VALUES (31, 1, 1, 1, 0, 620.00, 0, 3200.00, 0, '2020-12-15 15:57:40', '2020-12-15 15:57:40', NULL, NULL);
INSERT INTO `db_calculate_record` VALUES (32, 1, 1, 1, 0, 620.00, 0, 3200.00, 0, '2020-12-15 15:57:48', '2020-12-15 15:57:48', NULL, NULL);
INSERT INTO `db_calculate_record` VALUES (33, 1, 1, 1, 0, 620.00, 0, 3200.00, 0, '2020-12-15 15:59:37', '2020-12-15 15:59:37', NULL, NULL);
INSERT INTO `db_calculate_record` VALUES (34, 1, 1, 1, 0, 620.00, 0, 3200.00, 0, '2020-12-15 16:24:17', '2020-12-15 16:24:17', NULL, NULL);
INSERT INTO `db_calculate_record` VALUES (35, 1, 1, 1, 0, 620.00, 0, 3200.00, 0, '2020-12-15 16:29:04', '2020-12-15 16:29:04', NULL, NULL);
INSERT INTO `db_calculate_record` VALUES (36, 1, 1, 1, 0, 620.00, 0, 3200.00, 0, '2020-12-15 16:29:07', '2020-12-15 16:29:07', NULL, NULL);
INSERT INTO `db_calculate_record` VALUES (37, 1, 1, 1, 0, 620.00, 0, 3200.00, 0, '2020-12-15 16:30:38', '2020-12-15 16:30:38', NULL, NULL);
INSERT INTO `db_calculate_record` VALUES (38, 1, 1, 1, 0, 620.00, 0, 3200.00, 0, '2020-12-15 16:30:51', '2020-12-15 16:30:51', NULL, NULL);
INSERT INTO `db_calculate_record` VALUES (39, 1, 1, 1, 0, 620.00, 0, 3200.00, 0, '2020-12-15 16:31:07', '2020-12-15 16:31:07', NULL, NULL);
INSERT INTO `db_calculate_record` VALUES (40, 1, 1, 1, 0, 620.00, 0, 3200.00, 0, '2020-12-15 16:33:30', '2020-12-15 16:33:30', NULL, NULL);
INSERT INTO `db_calculate_record` VALUES (41, 1, 1, 1, 0, 620.00, 0, 3200.00, 0, '2020-12-15 16:38:27', '2020-12-15 16:38:27', NULL, NULL);
INSERT INTO `db_calculate_record` VALUES (272, 1, 1, 13, 0, 120.00, 0, 3000.00, 0, '2020-12-21 09:48:20', '2020-12-21 13:02:37', NULL, NULL);
INSERT INTO `db_calculate_record` VALUES (273, 1, 1, 13, 0, 100.00, 0, 3000.00, 0, '2020-12-21 09:49:44', '2020-12-21 13:02:40', NULL, NULL);
INSERT INTO `db_calculate_record` VALUES (274, 1, 1, 13, 0, 120.00, 0, 3000.00, 0, '2020-12-21 14:31:17', '2020-12-21 14:31:17', NULL, NULL);
INSERT INTO `db_calculate_record` VALUES (275, 1, 1, 13, 0, 120.00, 0, 3000.00, 0, '2020-12-21 14:49:46', '2020-12-21 14:49:46', NULL, NULL);
INSERT INTO `db_calculate_record` VALUES (276, 1, 1, 13, 0, 120.00, 0, 3000.00, 0, '2020-12-21 14:51:25', '2020-12-21 14:51:25', NULL, NULL);
INSERT INTO `db_calculate_record` VALUES (277, 1, 1, 13, 0, 120.00, 0, 3000.00, 0, '2020-12-21 15:54:59', '2020-12-21 15:54:59', NULL, NULL);
INSERT INTO `db_calculate_record` VALUES (278, 1, 1, 13, 0, 1200.00, 0, 3000.00, 0, '2020-12-21 16:08:24', '2020-12-21 16:08:24', NULL, NULL);
INSERT INTO `db_calculate_record` VALUES (279, 1, 1, 13, 0, 100.00, 0, 3000.00, 0, '2020-12-21 16:21:58', '2020-12-21 16:22:44', NULL, NULL);
INSERT INTO `db_calculate_record` VALUES (280, 1, 1, 13, 0, 120.00, 0, 3000.00, 0, '2020-12-21 16:33:32', '2020-12-21 16:33:32', NULL, NULL);
INSERT INTO `db_calculate_record` VALUES (281, 1, 1, 13, 0, 190.00, 1, 3000.00, 0, '2020-12-21 16:51:31', '2020-12-21 16:54:16', NULL, NULL);
INSERT INTO `db_calculate_record` VALUES (282, 1, 1, 13, 0, 620.00, 1, 3000.00, 0, '2020-12-21 16:56:25', '2020-12-21 17:04:47', NULL, NULL);
INSERT INTO `db_calculate_record` VALUES (283, 1, 1, 13, 0, 100.00, 0, 3000.00, 0, '2020-12-21 17:04:32', '2020-12-21 17:04:32', NULL, NULL);
INSERT INTO `db_calculate_record` VALUES (284, 40, 1, 13, 0, 200.00, 0, 3000.00, 0, '2020-12-21 17:38:33', '2020-12-21 17:38:33', NULL, NULL);
INSERT INTO `db_calculate_record` VALUES (285, 40, 1, 15, 2, 300.00, 0, 5000.00, 0, '2020-12-21 17:40:09', '2020-12-21 17:40:09', NULL, NULL);
INSERT INTO `db_calculate_record` VALUES (286, 40, 1, 13, 0, 300.00, 0, 3000.00, 0, '2020-12-21 17:43:52', '2020-12-21 17:43:52', NULL, NULL);
INSERT INTO `db_calculate_record` VALUES (287, 40, 1, 15, 2, 300.00, 0, 5000.00, 0, '2020-12-21 17:54:53', '2020-12-21 17:54:53', NULL, NULL);
INSERT INTO `db_calculate_record` VALUES (288, 40, 1, 15, 2, 300.00, 1, 5000.00, 0, '2020-12-21 17:57:17', '2020-12-21 17:57:35', NULL, NULL);
INSERT INTO `db_calculate_record` VALUES (289, 40, 1, 15, 2, 300.00, 1, 5000.00, 0, '2020-12-21 18:07:45', '2020-12-21 18:07:47', NULL, NULL);
INSERT INTO `db_calculate_record` VALUES (290, 40, 1, 15, 2, 200.00, 1, 5000.00, 0, '2020-12-21 18:38:51', '2020-12-21 18:38:55', NULL, NULL);

-- ----------------------------
-- Table structure for db_strategy
-- ----------------------------
DROP TABLE IF EXISTS `db_strategy`;
CREATE TABLE `db_strategy`  (
  `id` int(11) NOT NULL AUTO_INCREMENT COMMENT 'id',
  `code` varchar(100) CHARACTER SET utf8 COLLATE utf8_general_ci NULL DEFAULT NULL COMMENT '编号',
  `name` varchar(100) CHARACTER SET utf8 COLLATE utf8_general_ci NULL DEFAULT NULL COMMENT '名称',
  `description` varchar(100) CHARACTER SET utf8 COLLATE utf8_general_ci NULL DEFAULT NULL COMMENT '描述',
  `dominant_code` varchar(100) CHARACTER SET utf8 COLLATE utf8_general_ci NOT NULL COMMENT '主力合约',
  `is_enable` int(3) NOT NULL DEFAULT 0 COMMENT '启用状态（0未启用；1启用）',
  `created_at` timestamp(0) NULL DEFAULT CURRENT_TIMESTAMP(0) COMMENT '创建时间',
  `updated_at` timestamp(0) NULL DEFAULT CURRENT_TIMESTAMP(0) ON UPDATE CURRENT_TIMESTAMP(0) COMMENT '更新时间',
  `created_by` varchar(100) CHARACTER SET utf8 COLLATE utf8_general_ci NULL DEFAULT NULL COMMENT '创建人',
  `updated_by` varchar(100) CHARACTER SET utf8 COLLATE utf8_general_ci NULL DEFAULT NULL COMMENT '更新人',
  PRIMARY KEY (`id`) USING BTREE
) ENGINE = InnoDB AUTO_INCREMENT = 19 CHARACTER SET = utf8 COLLATE = utf8_general_ci ROW_FORMAT = Dynamic;

-- ----------------------------
-- Records of db_strategy
-- ----------------------------
INSERT INTO `db_strategy` VALUES (1, 'trad000001', NULL, '', 'M2101', 1, '2020-12-11 14:47:37', '2020-12-21 13:16:30', NULL, NULL);
INSERT INTO `db_strategy` VALUES (2, 'trad000002', NULL, NULL, 'M2105', 1, '2020-12-16 19:26:16', '2020-12-21 19:26:16', NULL, NULL);
INSERT INTO `db_strategy` VALUES (3, 'trad000003', NULL, NULL, 'M2109', 1, '2020-12-16 19:26:36', '2020-12-20 19:26:36', NULL, NULL);
INSERT INTO `db_strategy` VALUES (4, NULL, NULL, NULL, 'M21015', 0, '2020-12-17 11:48:05', '2020-12-17 12:03:25', NULL, NULL);
INSERT INTO `db_strategy` VALUES (5, NULL, NULL, NULL, 'M2080', 0, '2020-12-17 16:14:41', '2020-12-17 16:29:49', NULL, NULL);
INSERT INTO `db_strategy` VALUES (6, NULL, NULL, NULL, 'M2080', 0, '2020-12-17 16:16:20', '2020-12-17 16:31:51', NULL, NULL);
INSERT INTO `db_strategy` VALUES (7, NULL, NULL, NULL, 'M2080', 0, '2020-12-17 16:21:08', '2020-12-17 16:36:16', NULL, NULL);
INSERT INTO `db_strategy` VALUES (8, NULL, NULL, NULL, 'M2081', 0, '2020-12-17 16:27:50', '2020-12-17 16:43:03', NULL, NULL);
INSERT INTO `db_strategy` VALUES (9, NULL, NULL, NULL, 'M2082', 0, '2020-12-17 16:33:03', '2020-12-17 16:48:15', NULL, NULL);
INSERT INTO `db_strategy` VALUES (14, NULL, NULL, NULL, 'M2086', 1, '2020-12-17 16:52:03', '2020-12-18 09:37:32', NULL, NULL);
INSERT INTO `db_strategy` VALUES (15, NULL, NULL, NULL, 'M2085', 0, '2020-12-17 19:42:59', '2020-12-17 19:58:06', NULL, NULL);
INSERT INTO `db_strategy` VALUES (16, NULL, NULL, NULL, 'M2086', 0, '2020-12-18 11:48:37', '2020-12-18 12:03:44', NULL, NULL);
INSERT INTO `db_strategy` VALUES (17, NULL, NULL, NULL, 'M2089', 0, '2020-12-19 11:30:34', '2020-12-19 11:45:37', NULL, NULL);
INSERT INTO `db_strategy` VALUES (18, NULL, NULL, NULL, 'M2084', 0, '2020-12-19 17:21:15', '2020-12-19 17:36:16', NULL, NULL);

-- ----------------------------
-- Table structure for db_strategy_detail
-- ----------------------------
DROP TABLE IF EXISTS `db_strategy_detail`;
CREATE TABLE `db_strategy_detail`  (
  `id` int(11) NOT NULL AUTO_INCREMENT COMMENT 'id',
  `strategy_id` int(11) NOT NULL COMMENT '策略id',
  `price` decimal(15, 2) NOT NULL COMMENT '价格',
  `date_range` int(3) NOT NULL COMMENT '时期类型（0短期；1中期；2长期）',
  `created_at` timestamp(0) NULL DEFAULT CURRENT_TIMESTAMP(0) COMMENT '创建时间',
  `updated_at` timestamp(0) NULL DEFAULT CURRENT_TIMESTAMP(0) ON UPDATE CURRENT_TIMESTAMP(0) COMMENT '更新时间',
  `created_by` varchar(100) CHARACTER SET utf8 COLLATE utf8_general_ci NULL DEFAULT NULL COMMENT '创建人',
  `updated_by` varchar(100) CHARACTER SET utf8 COLLATE utf8_general_ci NULL DEFAULT NULL COMMENT '更新人',
  PRIMARY KEY (`id`) USING BTREE
) ENGINE = InnoDB AUTO_INCREMENT = 37 CHARACTER SET = utf8 COLLATE = utf8_general_ci ROW_FORMAT = Dynamic;

-- ----------------------------
-- Records of db_strategy_detail
-- ----------------------------
INSERT INTO `db_strategy_detail` VALUES (4, 2, 1000.00, 0, '2020-12-16 19:27:09', '2020-12-17 12:13:16', NULL, NULL);
INSERT INTO `db_strategy_detail` VALUES (5, 2, 1001.00, 1, '2020-12-16 19:27:20', '2020-12-16 19:27:20', NULL, NULL);
INSERT INTO `db_strategy_detail` VALUES (6, 2, 1002.00, 2, '2020-12-16 19:27:29', '2020-12-16 19:27:29', NULL, NULL);
INSERT INTO `db_strategy_detail` VALUES (7, 3, 3000.00, 0, '2020-12-16 19:27:38', '2020-12-16 19:27:38', NULL, NULL);
INSERT INTO `db_strategy_detail` VALUES (8, 3, 3001.00, 1, '2020-12-16 19:27:44', '2020-12-16 19:27:44', NULL, NULL);
INSERT INTO `db_strategy_detail` VALUES (9, 3, 3002.00, 2, '2020-12-16 19:27:53', '2020-12-16 19:27:53', NULL, NULL);
INSERT INTO `db_strategy_detail` VALUES (10, 4, 3000.00, 0, '2020-12-17 16:21:08', '2020-12-17 16:36:55', NULL, NULL);
INSERT INTO `db_strategy_detail` VALUES (11, 4, 4000.00, 1, '2020-12-17 16:21:08', '2020-12-17 16:36:56', NULL, NULL);
INSERT INTO `db_strategy_detail` VALUES (12, 4, 5000.00, 2, '2020-12-17 16:21:08', '2020-12-17 16:37:03', NULL, NULL);
INSERT INTO `db_strategy_detail` VALUES (13, 1, 3000.00, 0, '2020-12-17 16:27:50', '2020-12-17 16:47:15', NULL, NULL);
INSERT INTO `db_strategy_detail` VALUES (14, 1, 4000.00, 1, '2020-12-17 16:27:50', '2020-12-17 16:47:15', NULL, NULL);
INSERT INTO `db_strategy_detail` VALUES (15, 1, 5000.00, 2, '2020-12-17 16:27:50', '2020-12-17 16:47:15', NULL, NULL);
INSERT INTO `db_strategy_detail` VALUES (22, 14, 3000.00, 0, '2020-12-17 16:52:03', '2020-12-17 17:07:10', NULL, NULL);
INSERT INTO `db_strategy_detail` VALUES (23, 14, 4000.00, 1, '2020-12-17 16:52:03', '2020-12-17 17:07:10', NULL, NULL);
INSERT INTO `db_strategy_detail` VALUES (24, 14, 5000.00, 2, '2020-12-17 16:52:03', '2020-12-17 17:07:10', NULL, NULL);
INSERT INTO `db_strategy_detail` VALUES (25, 15, 3002.00, 0, '2020-12-17 19:42:59', '2020-12-17 19:58:11', NULL, NULL);
INSERT INTO `db_strategy_detail` VALUES (26, 15, 4002.00, 1, '2020-12-17 19:42:59', '2020-12-17 19:58:11', NULL, NULL);
INSERT INTO `db_strategy_detail` VALUES (27, 15, 5002.00, 2, '2020-12-17 19:42:59', '2020-12-17 19:58:11', NULL, NULL);
INSERT INTO `db_strategy_detail` VALUES (28, 16, 3000.00, 0, '2020-12-18 11:48:37', '2020-12-18 12:03:44', NULL, NULL);
INSERT INTO `db_strategy_detail` VALUES (29, 16, 4000.00, 1, '2020-12-18 11:48:37', '2020-12-18 12:03:44', NULL, NULL);
INSERT INTO `db_strategy_detail` VALUES (30, 16, 5000.00, 2, '2020-12-18 11:48:37', '2020-12-18 12:03:44', NULL, NULL);
INSERT INTO `db_strategy_detail` VALUES (31, 17, 3001.00, 0, '2020-12-19 11:30:34', '2020-12-19 11:45:42', NULL, NULL);
INSERT INTO `db_strategy_detail` VALUES (32, 17, 4001.00, 1, '2020-12-19 11:30:34', '2020-12-19 11:45:43', NULL, NULL);
INSERT INTO `db_strategy_detail` VALUES (33, 17, 5001.00, 2, '2020-12-19 11:30:34', '2020-12-19 11:45:44', NULL, NULL);
INSERT INTO `db_strategy_detail` VALUES (34, 18, 111.00, 0, '2020-12-19 17:21:15', '2020-12-19 17:36:16', NULL, NULL);
INSERT INTO `db_strategy_detail` VALUES (35, 18, 44.00, 1, '2020-12-19 17:21:15', '2020-12-19 17:36:16', NULL, NULL);
INSERT INTO `db_strategy_detail` VALUES (36, 18, 4444.00, 2, '2020-12-19 17:21:15', '2020-12-19 17:36:16', NULL, NULL);

-- ----------------------------
-- Table structure for db_trade_day
-- ----------------------------
DROP TABLE IF EXISTS `db_trade_day`;
CREATE TABLE `db_trade_day`  (
  `id` int(11) NOT NULL AUTO_INCREMENT COMMENT 'id',
  `day` timestamp(0) NOT NULL ON UPDATE CURRENT_TIMESTAMP(0) COMMENT '日期',
  `is_holiday` int(3) NULL DEFAULT 0 COMMENT '是否是法定节假日（0非法定节假日；1法定节假日）',
  `is_weekend` int(3) NULL DEFAULT 0 COMMENT '是否为周末（0非周末；1周末）',
  `is_night_trading` int(3) NULL DEFAULT 0 COMMENT '是否夜盘（0没有夜盘；1夜盘）',
  `is_trade` int(3) NULL DEFAULT 0 COMMENT '是否为交易日（0否；1是）',
  `created_at` timestamp(0) NULL DEFAULT CURRENT_TIMESTAMP(0) COMMENT '创建时间',
  `updated_at` timestamp(0) NULL DEFAULT CURRENT_TIMESTAMP(0) ON UPDATE CURRENT_TIMESTAMP(0) COMMENT '更新时间',
  `created_by` varchar(100) CHARACTER SET utf8 COLLATE utf8_general_ci NULL DEFAULT NULL COMMENT '创建人',
  `updated_by` varchar(100) CHARACTER SET utf8 COLLATE utf8_general_ci NULL DEFAULT NULL COMMENT '更新人',
  PRIMARY KEY (`id`) USING BTREE
) ENGINE = InnoDB AUTO_INCREMENT = 367 CHARACTER SET = utf8 COLLATE = utf8_general_ci ROW_FORMAT = Dynamic;

-- ----------------------------
-- Records of db_trade_day
-- ----------------------------
INSERT INTO `db_trade_day` VALUES (1, '2020-01-01 00:00:00', 1, 0, NULL, 0, NULL, NULL, NULL, NULL);
INSERT INTO `db_trade_day` VALUES (2, '2020-01-02 00:00:00', 0, 0, NULL, 0, NULL, NULL, NULL, NULL);
INSERT INTO `db_trade_day` VALUES (3, '2020-01-03 00:00:00', 0, 0, NULL, 0, NULL, NULL, NULL, NULL);
INSERT INTO `db_trade_day` VALUES (4, '2020-01-04 00:00:00', 0, 1, NULL, 0, NULL, NULL, NULL, NULL);
INSERT INTO `db_trade_day` VALUES (5, '2020-01-05 00:00:00', 0, 1, NULL, 0, NULL, NULL, NULL, NULL);
INSERT INTO `db_trade_day` VALUES (6, '2020-01-06 00:00:00', 0, 0, NULL, 0, NULL, NULL, NULL, NULL);
INSERT INTO `db_trade_day` VALUES (7, '2020-01-07 00:00:00', 0, 0, NULL, 0, NULL, NULL, NULL, NULL);
INSERT INTO `db_trade_day` VALUES (8, '2020-01-08 00:00:00', 0, 0, NULL, 0, NULL, NULL, NULL, NULL);
INSERT INTO `db_trade_day` VALUES (9, '2020-01-09 00:00:00', 0, 0, NULL, 0, NULL, NULL, NULL, NULL);
INSERT INTO `db_trade_day` VALUES (10, '2020-01-10 00:00:00', 0, 0, NULL, 0, NULL, NULL, NULL, NULL);
INSERT INTO `db_trade_day` VALUES (11, '2020-01-11 00:00:00', 0, 1, NULL, 0, NULL, NULL, NULL, NULL);
INSERT INTO `db_trade_day` VALUES (12, '2020-01-12 00:00:00', 0, 1, NULL, 0, NULL, NULL, NULL, NULL);
INSERT INTO `db_trade_day` VALUES (13, '2020-01-13 00:00:00', 0, 0, NULL, 0, NULL, NULL, NULL, NULL);
INSERT INTO `db_trade_day` VALUES (14, '2020-01-14 00:00:00', 0, 0, NULL, 0, NULL, NULL, NULL, NULL);
INSERT INTO `db_trade_day` VALUES (15, '2020-01-15 00:00:00', 0, 0, NULL, 0, NULL, NULL, NULL, NULL);
INSERT INTO `db_trade_day` VALUES (16, '2020-01-16 00:00:00', 0, 0, NULL, 0, NULL, NULL, NULL, NULL);
INSERT INTO `db_trade_day` VALUES (17, '2020-01-17 00:00:00', 0, 0, NULL, 0, NULL, NULL, NULL, NULL);
INSERT INTO `db_trade_day` VALUES (18, '2020-01-18 00:00:00', 0, 1, NULL, 0, NULL, NULL, NULL, NULL);
INSERT INTO `db_trade_day` VALUES (19, '2020-01-19 00:00:00', 0, 1, NULL, 0, NULL, NULL, NULL, NULL);
INSERT INTO `db_trade_day` VALUES (20, '2020-01-20 00:00:00', 0, 0, NULL, 0, NULL, NULL, NULL, NULL);
INSERT INTO `db_trade_day` VALUES (21, '2020-01-21 00:00:00', 0, 0, NULL, 0, NULL, NULL, NULL, NULL);
INSERT INTO `db_trade_day` VALUES (22, '2020-01-22 00:00:00', 0, 0, NULL, 0, NULL, NULL, NULL, NULL);
INSERT INTO `db_trade_day` VALUES (23, '2020-01-23 00:00:00', 0, 0, NULL, 0, NULL, NULL, NULL, NULL);
INSERT INTO `db_trade_day` VALUES (24, '2020-01-24 00:00:00', 1, 0, NULL, 0, NULL, NULL, NULL, NULL);
INSERT INTO `db_trade_day` VALUES (25, '2020-01-25 00:00:00', 1, 1, NULL, 0, NULL, NULL, NULL, NULL);
INSERT INTO `db_trade_day` VALUES (26, '2020-01-26 00:00:00', 1, 1, NULL, 0, NULL, NULL, NULL, NULL);
INSERT INTO `db_trade_day` VALUES (27, '2020-01-27 00:00:00', 1, 0, NULL, 0, NULL, NULL, NULL, NULL);
INSERT INTO `db_trade_day` VALUES (28, '2020-01-28 00:00:00', 1, 0, NULL, 0, NULL, NULL, NULL, NULL);
INSERT INTO `db_trade_day` VALUES (29, '2020-01-29 00:00:00', 1, 0, NULL, 0, NULL, NULL, NULL, NULL);
INSERT INTO `db_trade_day` VALUES (30, '2020-01-30 00:00:00', 1, 0, NULL, 0, NULL, NULL, NULL, NULL);
INSERT INTO `db_trade_day` VALUES (31, '2020-01-31 00:00:00', 1, 0, NULL, 0, NULL, NULL, NULL, NULL);
INSERT INTO `db_trade_day` VALUES (32, '2020-02-01 00:00:00', 1, 1, NULL, 0, NULL, NULL, NULL, NULL);
INSERT INTO `db_trade_day` VALUES (33, '2020-02-02 00:00:00', 1, 1, NULL, 0, NULL, NULL, NULL, NULL);
INSERT INTO `db_trade_day` VALUES (34, '2020-02-03 00:00:00', 0, 0, NULL, 0, NULL, NULL, NULL, NULL);
INSERT INTO `db_trade_day` VALUES (35, '2020-02-04 00:00:00', 0, 0, NULL, 0, NULL, NULL, NULL, NULL);
INSERT INTO `db_trade_day` VALUES (36, '2020-02-05 00:00:00', 0, 0, NULL, 0, NULL, NULL, NULL, NULL);
INSERT INTO `db_trade_day` VALUES (37, '2020-02-06 00:00:00', 0, 0, NULL, 0, NULL, NULL, NULL, NULL);
INSERT INTO `db_trade_day` VALUES (38, '2020-02-07 00:00:00', 0, 0, NULL, 0, NULL, NULL, NULL, NULL);
INSERT INTO `db_trade_day` VALUES (39, '2020-02-08 00:00:00', 0, 1, NULL, 0, NULL, NULL, NULL, NULL);
INSERT INTO `db_trade_day` VALUES (40, '2020-02-09 00:00:00', 0, 1, NULL, 0, NULL, NULL, NULL, NULL);
INSERT INTO `db_trade_day` VALUES (41, '2020-02-10 00:00:00', 0, 0, NULL, 0, NULL, NULL, NULL, NULL);
INSERT INTO `db_trade_day` VALUES (42, '2020-02-11 00:00:00', 0, 0, NULL, 0, NULL, NULL, NULL, NULL);
INSERT INTO `db_trade_day` VALUES (43, '2020-02-12 00:00:00', 0, 0, NULL, 0, NULL, NULL, NULL, NULL);
INSERT INTO `db_trade_day` VALUES (44, '2020-02-13 00:00:00', 0, 0, NULL, 0, NULL, NULL, NULL, NULL);
INSERT INTO `db_trade_day` VALUES (45, '2020-02-14 00:00:00', 0, 0, NULL, 0, NULL, NULL, NULL, NULL);
INSERT INTO `db_trade_day` VALUES (46, '2020-02-15 00:00:00', 0, 1, NULL, 0, NULL, NULL, NULL, NULL);
INSERT INTO `db_trade_day` VALUES (47, '2020-02-16 00:00:00', 0, 1, NULL, 0, NULL, NULL, NULL, NULL);
INSERT INTO `db_trade_day` VALUES (48, '2020-02-17 00:00:00', 0, 0, NULL, 0, NULL, NULL, NULL, NULL);
INSERT INTO `db_trade_day` VALUES (49, '2020-02-18 00:00:00', 0, 0, NULL, 0, NULL, NULL, NULL, NULL);
INSERT INTO `db_trade_day` VALUES (50, '2020-02-19 00:00:00', 0, 0, NULL, 0, NULL, NULL, NULL, NULL);
INSERT INTO `db_trade_day` VALUES (51, '2020-02-20 00:00:00', 0, 0, NULL, 0, NULL, NULL, NULL, NULL);
INSERT INTO `db_trade_day` VALUES (52, '2020-02-21 00:00:00', 0, 0, NULL, 0, NULL, NULL, NULL, NULL);
INSERT INTO `db_trade_day` VALUES (53, '2020-02-22 00:00:00', 0, 1, NULL, 0, NULL, NULL, NULL, NULL);
INSERT INTO `db_trade_day` VALUES (54, '2020-02-23 00:00:00', 0, 1, NULL, 0, NULL, NULL, NULL, NULL);
INSERT INTO `db_trade_day` VALUES (55, '2020-02-24 00:00:00', 0, 0, NULL, 0, NULL, NULL, NULL, NULL);
INSERT INTO `db_trade_day` VALUES (56, '2020-02-25 00:00:00', 0, 0, NULL, 0, NULL, NULL, NULL, NULL);
INSERT INTO `db_trade_day` VALUES (57, '2020-02-26 00:00:00', 0, 0, NULL, 0, NULL, NULL, NULL, NULL);
INSERT INTO `db_trade_day` VALUES (58, '2020-02-27 00:00:00', 0, 0, NULL, 0, NULL, NULL, NULL, NULL);
INSERT INTO `db_trade_day` VALUES (59, '2020-02-28 00:00:00', 0, 0, NULL, 0, NULL, NULL, NULL, NULL);
INSERT INTO `db_trade_day` VALUES (60, '2020-02-29 00:00:00', 0, 1, NULL, 0, NULL, NULL, NULL, NULL);
INSERT INTO `db_trade_day` VALUES (61, '2020-03-01 00:00:00', 0, 1, NULL, 0, NULL, NULL, NULL, NULL);
INSERT INTO `db_trade_day` VALUES (62, '2020-03-02 00:00:00', 0, 0, NULL, 0, NULL, NULL, NULL, NULL);
INSERT INTO `db_trade_day` VALUES (63, '2020-03-03 00:00:00', 0, 0, NULL, 0, NULL, NULL, NULL, NULL);
INSERT INTO `db_trade_day` VALUES (64, '2020-03-04 00:00:00', 0, 0, NULL, 0, NULL, NULL, NULL, NULL);
INSERT INTO `db_trade_day` VALUES (65, '2020-03-05 00:00:00', 0, 0, NULL, 0, NULL, NULL, NULL, NULL);
INSERT INTO `db_trade_day` VALUES (66, '2020-03-06 00:00:00', 0, 0, NULL, 0, NULL, NULL, NULL, NULL);
INSERT INTO `db_trade_day` VALUES (67, '2020-03-07 00:00:00', 0, 1, NULL, 0, NULL, NULL, NULL, NULL);
INSERT INTO `db_trade_day` VALUES (68, '2020-03-08 00:00:00', 0, 1, NULL, 0, NULL, NULL, NULL, NULL);
INSERT INTO `db_trade_day` VALUES (69, '2020-03-09 00:00:00', 0, 0, NULL, 0, NULL, NULL, NULL, NULL);
INSERT INTO `db_trade_day` VALUES (70, '2020-03-10 00:00:00', 0, 0, NULL, 0, NULL, NULL, NULL, NULL);
INSERT INTO `db_trade_day` VALUES (71, '2020-03-11 00:00:00', 0, 0, NULL, 0, NULL, NULL, NULL, NULL);
INSERT INTO `db_trade_day` VALUES (72, '2020-03-12 00:00:00', 0, 0, NULL, 0, NULL, NULL, NULL, NULL);
INSERT INTO `db_trade_day` VALUES (73, '2020-03-13 00:00:00', 0, 0, NULL, 0, NULL, NULL, NULL, NULL);
INSERT INTO `db_trade_day` VALUES (74, '2020-03-14 00:00:00', 0, 1, NULL, 0, NULL, NULL, NULL, NULL);
INSERT INTO `db_trade_day` VALUES (75, '2020-03-15 00:00:00', 0, 1, NULL, 0, NULL, NULL, NULL, NULL);
INSERT INTO `db_trade_day` VALUES (76, '2020-03-16 00:00:00', 0, 0, NULL, 0, NULL, NULL, NULL, NULL);
INSERT INTO `db_trade_day` VALUES (77, '2020-03-17 00:00:00', 0, 0, NULL, 0, NULL, NULL, NULL, NULL);
INSERT INTO `db_trade_day` VALUES (78, '2020-03-18 00:00:00', 0, 0, NULL, 0, NULL, NULL, NULL, NULL);
INSERT INTO `db_trade_day` VALUES (79, '2020-03-19 00:00:00', 0, 0, NULL, 0, NULL, NULL, NULL, NULL);
INSERT INTO `db_trade_day` VALUES (80, '2020-03-20 00:00:00', 0, 0, NULL, 0, NULL, NULL, NULL, NULL);
INSERT INTO `db_trade_day` VALUES (81, '2020-03-21 00:00:00', 0, 1, NULL, 0, NULL, NULL, NULL, NULL);
INSERT INTO `db_trade_day` VALUES (82, '2020-03-22 00:00:00', 0, 1, NULL, 0, NULL, NULL, NULL, NULL);
INSERT INTO `db_trade_day` VALUES (83, '2020-03-23 00:00:00', 0, 0, NULL, 0, NULL, NULL, NULL, NULL);
INSERT INTO `db_trade_day` VALUES (84, '2020-03-24 00:00:00', 0, 0, NULL, 0, NULL, NULL, NULL, NULL);
INSERT INTO `db_trade_day` VALUES (85, '2020-03-25 00:00:00', 0, 0, NULL, 0, NULL, NULL, NULL, NULL);
INSERT INTO `db_trade_day` VALUES (86, '2020-03-26 00:00:00', 0, 0, NULL, 0, NULL, NULL, NULL, NULL);
INSERT INTO `db_trade_day` VALUES (87, '2020-03-27 00:00:00', 0, 0, NULL, 0, NULL, NULL, NULL, NULL);
INSERT INTO `db_trade_day` VALUES (88, '2020-03-28 00:00:00', 0, 1, NULL, 0, NULL, NULL, NULL, NULL);
INSERT INTO `db_trade_day` VALUES (89, '2020-03-29 00:00:00', 0, 1, NULL, 0, NULL, NULL, NULL, NULL);
INSERT INTO `db_trade_day` VALUES (90, '2020-03-30 00:00:00', 0, 0, NULL, 0, NULL, NULL, NULL, NULL);
INSERT INTO `db_trade_day` VALUES (91, '2020-03-31 00:00:00', 0, 0, NULL, 0, NULL, NULL, NULL, NULL);
INSERT INTO `db_trade_day` VALUES (92, '2020-04-01 00:00:00', 0, 0, NULL, 0, NULL, NULL, NULL, NULL);
INSERT INTO `db_trade_day` VALUES (93, '2020-04-02 00:00:00', 0, 0, NULL, 0, NULL, NULL, NULL, NULL);
INSERT INTO `db_trade_day` VALUES (94, '2020-04-03 00:00:00', 0, 0, NULL, 0, NULL, NULL, NULL, NULL);
INSERT INTO `db_trade_day` VALUES (95, '2020-04-04 00:00:00', 1, 1, NULL, 0, NULL, NULL, NULL, NULL);
INSERT INTO `db_trade_day` VALUES (96, '2020-04-05 00:00:00', 1, 1, NULL, 0, NULL, NULL, NULL, NULL);
INSERT INTO `db_trade_day` VALUES (97, '2020-04-06 00:00:00', 1, 0, NULL, 0, NULL, NULL, NULL, NULL);
INSERT INTO `db_trade_day` VALUES (98, '2020-04-07 00:00:00', 0, 0, NULL, 0, NULL, NULL, NULL, NULL);
INSERT INTO `db_trade_day` VALUES (99, '2020-04-08 00:00:00', 0, 0, NULL, 0, NULL, NULL, NULL, NULL);
INSERT INTO `db_trade_day` VALUES (100, '2020-04-09 00:00:00', 0, 0, NULL, 0, NULL, NULL, NULL, NULL);
INSERT INTO `db_trade_day` VALUES (101, '2020-04-10 00:00:00', 0, 0, NULL, 0, NULL, NULL, NULL, NULL);
INSERT INTO `db_trade_day` VALUES (102, '2020-04-11 00:00:00', 0, 1, NULL, 0, NULL, NULL, NULL, NULL);
INSERT INTO `db_trade_day` VALUES (103, '2020-04-12 00:00:00', 0, 1, NULL, 0, NULL, NULL, NULL, NULL);
INSERT INTO `db_trade_day` VALUES (104, '2020-04-13 00:00:00', 0, 0, NULL, 0, NULL, NULL, NULL, NULL);
INSERT INTO `db_trade_day` VALUES (105, '2020-04-14 00:00:00', 0, 0, NULL, 0, NULL, NULL, NULL, NULL);
INSERT INTO `db_trade_day` VALUES (106, '2020-04-15 00:00:00', 0, 0, NULL, 0, NULL, NULL, NULL, NULL);
INSERT INTO `db_trade_day` VALUES (107, '2020-04-16 00:00:00', 0, 0, NULL, 0, NULL, NULL, NULL, NULL);
INSERT INTO `db_trade_day` VALUES (108, '2020-04-17 00:00:00', 0, 0, NULL, 0, NULL, NULL, NULL, NULL);
INSERT INTO `db_trade_day` VALUES (109, '2020-04-18 00:00:00', 0, 1, NULL, 0, NULL, NULL, NULL, NULL);
INSERT INTO `db_trade_day` VALUES (110, '2020-04-19 00:00:00', 0, 1, NULL, 0, NULL, NULL, NULL, NULL);
INSERT INTO `db_trade_day` VALUES (111, '2020-04-20 00:00:00', 0, 0, NULL, 0, NULL, NULL, NULL, NULL);
INSERT INTO `db_trade_day` VALUES (112, '2020-04-21 00:00:00', 0, 0, NULL, 0, NULL, NULL, NULL, NULL);
INSERT INTO `db_trade_day` VALUES (113, '2020-04-22 00:00:00', 0, 0, NULL, 0, NULL, NULL, NULL, NULL);
INSERT INTO `db_trade_day` VALUES (114, '2020-04-23 00:00:00', 0, 0, NULL, 0, NULL, NULL, NULL, NULL);
INSERT INTO `db_trade_day` VALUES (115, '2020-04-24 00:00:00', 0, 0, NULL, 0, NULL, NULL, NULL, NULL);
INSERT INTO `db_trade_day` VALUES (116, '2020-04-25 00:00:00', 0, 1, NULL, 0, NULL, NULL, NULL, NULL);
INSERT INTO `db_trade_day` VALUES (117, '2020-04-26 00:00:00', 0, 1, NULL, 0, NULL, NULL, NULL, NULL);
INSERT INTO `db_trade_day` VALUES (118, '2020-04-27 00:00:00', 0, 0, NULL, 0, NULL, NULL, NULL, NULL);
INSERT INTO `db_trade_day` VALUES (119, '2020-04-28 00:00:00', 0, 0, NULL, 0, NULL, NULL, NULL, NULL);
INSERT INTO `db_trade_day` VALUES (120, '2020-04-29 00:00:00', 0, 0, NULL, 0, NULL, NULL, NULL, NULL);
INSERT INTO `db_trade_day` VALUES (121, '2020-04-30 00:00:00', 0, 0, NULL, 0, NULL, NULL, NULL, NULL);
INSERT INTO `db_trade_day` VALUES (122, '2020-05-01 00:00:00', 1, 0, NULL, 0, NULL, NULL, NULL, NULL);
INSERT INTO `db_trade_day` VALUES (123, '2020-05-02 00:00:00', 1, 1, NULL, 0, NULL, NULL, NULL, NULL);
INSERT INTO `db_trade_day` VALUES (124, '2020-05-03 00:00:00', 1, 1, NULL, 0, NULL, NULL, NULL, NULL);
INSERT INTO `db_trade_day` VALUES (125, '2020-05-04 00:00:00', 1, 0, NULL, 0, NULL, NULL, NULL, NULL);
INSERT INTO `db_trade_day` VALUES (126, '2020-05-05 00:00:00', 1, 0, NULL, 0, NULL, NULL, NULL, NULL);
INSERT INTO `db_trade_day` VALUES (127, '2020-05-06 00:00:00', 0, 0, NULL, 0, NULL, NULL, NULL, NULL);
INSERT INTO `db_trade_day` VALUES (128, '2020-05-07 00:00:00', 0, 0, NULL, 0, NULL, NULL, NULL, NULL);
INSERT INTO `db_trade_day` VALUES (129, '2020-05-08 00:00:00', 0, 0, NULL, 0, NULL, NULL, NULL, NULL);
INSERT INTO `db_trade_day` VALUES (130, '2020-05-09 00:00:00', 0, 1, NULL, 0, NULL, NULL, NULL, NULL);
INSERT INTO `db_trade_day` VALUES (131, '2020-05-10 00:00:00', 0, 1, NULL, 0, NULL, NULL, NULL, NULL);
INSERT INTO `db_trade_day` VALUES (132, '2020-05-11 00:00:00', 0, 0, NULL, 0, NULL, NULL, NULL, NULL);
INSERT INTO `db_trade_day` VALUES (133, '2020-05-12 00:00:00', 0, 0, NULL, 0, NULL, NULL, NULL, NULL);
INSERT INTO `db_trade_day` VALUES (134, '2020-05-13 00:00:00', 0, 0, NULL, 0, NULL, NULL, NULL, NULL);
INSERT INTO `db_trade_day` VALUES (135, '2020-05-14 00:00:00', 0, 0, NULL, 0, NULL, NULL, NULL, NULL);
INSERT INTO `db_trade_day` VALUES (136, '2020-05-15 00:00:00', 0, 0, NULL, 0, NULL, NULL, NULL, NULL);
INSERT INTO `db_trade_day` VALUES (137, '2020-05-16 00:00:00', 0, 1, NULL, 0, NULL, NULL, NULL, NULL);
INSERT INTO `db_trade_day` VALUES (138, '2020-05-17 00:00:00', 0, 1, NULL, 0, NULL, NULL, NULL, NULL);
INSERT INTO `db_trade_day` VALUES (139, '2020-05-18 00:00:00', 0, 0, NULL, 0, NULL, NULL, NULL, NULL);
INSERT INTO `db_trade_day` VALUES (140, '2020-05-19 00:00:00', 0, 0, NULL, 0, NULL, NULL, NULL, NULL);
INSERT INTO `db_trade_day` VALUES (141, '2020-05-20 00:00:00', 0, 0, NULL, 0, NULL, NULL, NULL, NULL);
INSERT INTO `db_trade_day` VALUES (142, '2020-05-21 00:00:00', 0, 0, NULL, 0, NULL, NULL, NULL, NULL);
INSERT INTO `db_trade_day` VALUES (143, '2020-05-22 00:00:00', 0, 0, NULL, 0, NULL, NULL, NULL, NULL);
INSERT INTO `db_trade_day` VALUES (144, '2020-05-23 00:00:00', 0, 1, NULL, 0, NULL, NULL, NULL, NULL);
INSERT INTO `db_trade_day` VALUES (145, '2020-05-24 00:00:00', 0, 1, NULL, 0, NULL, NULL, NULL, NULL);
INSERT INTO `db_trade_day` VALUES (146, '2020-05-25 00:00:00', 0, 0, NULL, 0, NULL, NULL, NULL, NULL);
INSERT INTO `db_trade_day` VALUES (147, '2020-05-26 00:00:00', 0, 0, NULL, 0, NULL, NULL, NULL, NULL);
INSERT INTO `db_trade_day` VALUES (148, '2020-05-27 00:00:00', 0, 0, NULL, 0, NULL, NULL, NULL, NULL);
INSERT INTO `db_trade_day` VALUES (149, '2020-05-28 00:00:00', 0, 0, NULL, 0, NULL, NULL, NULL, NULL);
INSERT INTO `db_trade_day` VALUES (150, '2020-05-29 00:00:00', 0, 0, NULL, 0, NULL, NULL, NULL, NULL);
INSERT INTO `db_trade_day` VALUES (151, '2020-05-30 00:00:00', 0, 1, NULL, 0, NULL, NULL, NULL, NULL);
INSERT INTO `db_trade_day` VALUES (152, '2020-05-31 00:00:00', 0, 1, NULL, 0, NULL, NULL, NULL, NULL);
INSERT INTO `db_trade_day` VALUES (153, '2020-06-01 00:00:00', 0, 0, NULL, 0, NULL, NULL, NULL, NULL);
INSERT INTO `db_trade_day` VALUES (154, '2020-06-02 00:00:00', 0, 0, NULL, 0, NULL, NULL, NULL, NULL);
INSERT INTO `db_trade_day` VALUES (155, '2020-06-03 00:00:00', 0, 0, NULL, 0, NULL, NULL, NULL, NULL);
INSERT INTO `db_trade_day` VALUES (156, '2020-06-04 00:00:00', 0, 0, NULL, 0, NULL, NULL, NULL, NULL);
INSERT INTO `db_trade_day` VALUES (157, '2020-06-05 00:00:00', 0, 0, NULL, 0, NULL, NULL, NULL, NULL);
INSERT INTO `db_trade_day` VALUES (158, '2020-06-06 00:00:00', 0, 1, NULL, 0, NULL, NULL, NULL, NULL);
INSERT INTO `db_trade_day` VALUES (159, '2020-06-07 00:00:00', 0, 1, NULL, 0, NULL, NULL, NULL, NULL);
INSERT INTO `db_trade_day` VALUES (160, '2020-06-08 00:00:00', 0, 0, NULL, 0, NULL, NULL, NULL, NULL);
INSERT INTO `db_trade_day` VALUES (161, '2020-06-09 00:00:00', 0, 0, NULL, 0, NULL, NULL, NULL, NULL);
INSERT INTO `db_trade_day` VALUES (162, '2020-06-10 00:00:00', 0, 0, NULL, 0, NULL, NULL, NULL, NULL);
INSERT INTO `db_trade_day` VALUES (163, '2020-06-11 00:00:00', 0, 0, NULL, 0, NULL, NULL, NULL, NULL);
INSERT INTO `db_trade_day` VALUES (164, '2020-06-12 00:00:00', 0, 0, NULL, 0, NULL, NULL, NULL, NULL);
INSERT INTO `db_trade_day` VALUES (165, '2020-06-13 00:00:00', 0, 1, NULL, 0, NULL, NULL, NULL, NULL);
INSERT INTO `db_trade_day` VALUES (166, '2020-06-14 00:00:00', 0, 1, NULL, 0, NULL, NULL, NULL, NULL);
INSERT INTO `db_trade_day` VALUES (167, '2020-06-15 00:00:00', 0, 0, NULL, 0, NULL, NULL, NULL, NULL);
INSERT INTO `db_trade_day` VALUES (168, '2020-06-16 00:00:00', 0, 0, NULL, 0, NULL, NULL, NULL, NULL);
INSERT INTO `db_trade_day` VALUES (169, '2020-06-17 00:00:00', 0, 0, NULL, 0, NULL, NULL, NULL, NULL);
INSERT INTO `db_trade_day` VALUES (170, '2020-06-18 00:00:00', 0, 0, NULL, 0, NULL, NULL, NULL, NULL);
INSERT INTO `db_trade_day` VALUES (171, '2020-06-19 00:00:00', 0, 0, NULL, 0, NULL, NULL, NULL, NULL);
INSERT INTO `db_trade_day` VALUES (172, '2020-06-20 00:00:00', 0, 1, NULL, 0, NULL, NULL, NULL, NULL);
INSERT INTO `db_trade_day` VALUES (173, '2020-06-21 00:00:00', 0, 1, NULL, 0, NULL, NULL, NULL, NULL);
INSERT INTO `db_trade_day` VALUES (174, '2020-06-22 00:00:00', 0, 0, NULL, 0, NULL, NULL, NULL, NULL);
INSERT INTO `db_trade_day` VALUES (175, '2020-06-23 00:00:00', 0, 0, NULL, 0, NULL, NULL, NULL, NULL);
INSERT INTO `db_trade_day` VALUES (176, '2020-06-24 00:00:00', 0, 0, NULL, 0, NULL, NULL, NULL, NULL);
INSERT INTO `db_trade_day` VALUES (177, '2020-06-25 00:00:00', 1, 0, NULL, 0, NULL, NULL, NULL, NULL);
INSERT INTO `db_trade_day` VALUES (178, '2020-06-26 00:00:00', 1, 0, NULL, 0, NULL, NULL, NULL, NULL);
INSERT INTO `db_trade_day` VALUES (179, '2020-06-27 00:00:00', 1, 1, NULL, 0, NULL, NULL, NULL, NULL);
INSERT INTO `db_trade_day` VALUES (180, '2020-06-28 00:00:00', 0, 1, NULL, 0, NULL, NULL, NULL, NULL);
INSERT INTO `db_trade_day` VALUES (181, '2020-06-29 00:00:00', 0, 0, NULL, 0, NULL, NULL, NULL, NULL);
INSERT INTO `db_trade_day` VALUES (182, '2020-06-30 00:00:00', 0, 0, NULL, 0, NULL, NULL, NULL, NULL);
INSERT INTO `db_trade_day` VALUES (183, '2020-07-01 00:00:00', 0, 0, NULL, 0, NULL, NULL, NULL, NULL);
INSERT INTO `db_trade_day` VALUES (184, '2020-07-02 00:00:00', 0, 0, NULL, 0, NULL, NULL, NULL, NULL);
INSERT INTO `db_trade_day` VALUES (185, '2020-07-03 00:00:00', 0, 0, NULL, 0, NULL, NULL, NULL, NULL);
INSERT INTO `db_trade_day` VALUES (186, '2020-07-04 00:00:00', 0, 1, NULL, 0, NULL, NULL, NULL, NULL);
INSERT INTO `db_trade_day` VALUES (187, '2020-07-05 00:00:00', 0, 1, NULL, 0, NULL, NULL, NULL, NULL);
INSERT INTO `db_trade_day` VALUES (188, '2020-07-06 00:00:00', 0, 0, NULL, 0, NULL, NULL, NULL, NULL);
INSERT INTO `db_trade_day` VALUES (189, '2020-07-07 00:00:00', 0, 0, NULL, 0, NULL, NULL, NULL, NULL);
INSERT INTO `db_trade_day` VALUES (190, '2020-07-08 00:00:00', 0, 0, NULL, 0, NULL, NULL, NULL, NULL);
INSERT INTO `db_trade_day` VALUES (191, '2020-07-09 00:00:00', 0, 0, NULL, 0, NULL, NULL, NULL, NULL);
INSERT INTO `db_trade_day` VALUES (192, '2020-07-10 00:00:00', 0, 0, NULL, 0, NULL, NULL, NULL, NULL);
INSERT INTO `db_trade_day` VALUES (193, '2020-07-11 00:00:00', 0, 1, NULL, 0, NULL, NULL, NULL, NULL);
INSERT INTO `db_trade_day` VALUES (194, '2020-07-12 00:00:00', 0, 1, NULL, 0, NULL, NULL, NULL, NULL);
INSERT INTO `db_trade_day` VALUES (195, '2020-07-13 00:00:00', 0, 0, NULL, 0, NULL, NULL, NULL, NULL);
INSERT INTO `db_trade_day` VALUES (196, '2020-07-14 00:00:00', 0, 0, NULL, 0, NULL, NULL, NULL, NULL);
INSERT INTO `db_trade_day` VALUES (197, '2020-07-15 00:00:00', 0, 0, NULL, 0, NULL, NULL, NULL, NULL);
INSERT INTO `db_trade_day` VALUES (198, '2020-07-16 00:00:00', 0, 0, NULL, 0, NULL, NULL, NULL, NULL);
INSERT INTO `db_trade_day` VALUES (199, '2020-07-17 00:00:00', 0, 0, NULL, 0, NULL, NULL, NULL, NULL);
INSERT INTO `db_trade_day` VALUES (200, '2020-07-18 00:00:00', 0, 1, NULL, 0, NULL, NULL, NULL, NULL);
INSERT INTO `db_trade_day` VALUES (201, '2020-07-19 00:00:00', 0, 1, NULL, 0, NULL, NULL, NULL, NULL);
INSERT INTO `db_trade_day` VALUES (202, '2020-07-20 00:00:00', 0, 0, NULL, 0, NULL, NULL, NULL, NULL);
INSERT INTO `db_trade_day` VALUES (203, '2020-07-21 00:00:00', 0, 0, NULL, 0, NULL, NULL, NULL, NULL);
INSERT INTO `db_trade_day` VALUES (204, '2020-07-22 00:00:00', 0, 0, NULL, 0, NULL, NULL, NULL, NULL);
INSERT INTO `db_trade_day` VALUES (205, '2020-07-23 00:00:00', 0, 0, NULL, 0, NULL, NULL, NULL, NULL);
INSERT INTO `db_trade_day` VALUES (206, '2020-07-24 00:00:00', 0, 0, NULL, 0, NULL, NULL, NULL, NULL);
INSERT INTO `db_trade_day` VALUES (207, '2020-07-25 00:00:00', 0, 1, NULL, 0, NULL, NULL, NULL, NULL);
INSERT INTO `db_trade_day` VALUES (208, '2020-07-26 00:00:00', 0, 1, NULL, 0, NULL, NULL, NULL, NULL);
INSERT INTO `db_trade_day` VALUES (209, '2020-07-27 00:00:00', 0, 0, NULL, 0, NULL, NULL, NULL, NULL);
INSERT INTO `db_trade_day` VALUES (210, '2020-07-28 00:00:00', 0, 0, NULL, 0, NULL, NULL, NULL, NULL);
INSERT INTO `db_trade_day` VALUES (211, '2020-07-29 00:00:00', 0, 0, NULL, 0, NULL, NULL, NULL, NULL);
INSERT INTO `db_trade_day` VALUES (212, '2020-07-30 00:00:00', 0, 0, NULL, 0, NULL, NULL, NULL, NULL);
INSERT INTO `db_trade_day` VALUES (213, '2020-07-31 00:00:00', 0, 0, NULL, 0, NULL, NULL, NULL, NULL);
INSERT INTO `db_trade_day` VALUES (214, '2020-08-01 00:00:00', 0, 1, NULL, 0, NULL, NULL, NULL, NULL);
INSERT INTO `db_trade_day` VALUES (215, '2020-08-02 00:00:00', 0, 1, NULL, 0, NULL, NULL, NULL, NULL);
INSERT INTO `db_trade_day` VALUES (216, '2020-08-03 00:00:00', 0, 0, NULL, 0, NULL, NULL, NULL, NULL);
INSERT INTO `db_trade_day` VALUES (217, '2020-08-04 00:00:00', 0, 0, NULL, 0, NULL, NULL, NULL, NULL);
INSERT INTO `db_trade_day` VALUES (218, '2020-08-05 00:00:00', 0, 0, NULL, 0, NULL, NULL, NULL, NULL);
INSERT INTO `db_trade_day` VALUES (219, '2020-08-06 00:00:00', 0, 0, NULL, 0, NULL, NULL, NULL, NULL);
INSERT INTO `db_trade_day` VALUES (220, '2020-08-07 00:00:00', 0, 0, NULL, 0, NULL, NULL, NULL, NULL);
INSERT INTO `db_trade_day` VALUES (221, '2020-08-08 00:00:00', 0, 1, NULL, 0, NULL, NULL, NULL, NULL);
INSERT INTO `db_trade_day` VALUES (222, '2020-08-09 00:00:00', 0, 1, NULL, 0, NULL, NULL, NULL, NULL);
INSERT INTO `db_trade_day` VALUES (223, '2020-08-10 00:00:00', 0, 0, NULL, 0, NULL, NULL, NULL, NULL);
INSERT INTO `db_trade_day` VALUES (224, '2020-08-11 00:00:00', 0, 0, NULL, 0, NULL, NULL, NULL, NULL);
INSERT INTO `db_trade_day` VALUES (225, '2020-08-12 00:00:00', 0, 0, NULL, 0, NULL, NULL, NULL, NULL);
INSERT INTO `db_trade_day` VALUES (226, '2020-08-13 00:00:00', 0, 0, NULL, 0, NULL, NULL, NULL, NULL);
INSERT INTO `db_trade_day` VALUES (227, '2020-08-14 00:00:00', 0, 0, NULL, 0, NULL, NULL, NULL, NULL);
INSERT INTO `db_trade_day` VALUES (228, '2020-08-15 00:00:00', 0, 1, NULL, 0, NULL, NULL, NULL, NULL);
INSERT INTO `db_trade_day` VALUES (229, '2020-08-16 00:00:00', 0, 1, NULL, 0, NULL, NULL, NULL, NULL);
INSERT INTO `db_trade_day` VALUES (230, '2020-08-17 00:00:00', 0, 0, NULL, 0, NULL, NULL, NULL, NULL);
INSERT INTO `db_trade_day` VALUES (231, '2020-08-18 00:00:00', 0, 0, NULL, 0, NULL, NULL, NULL, NULL);
INSERT INTO `db_trade_day` VALUES (232, '2020-08-19 00:00:00', 0, 0, NULL, 0, NULL, NULL, NULL, NULL);
INSERT INTO `db_trade_day` VALUES (233, '2020-08-20 00:00:00', 0, 0, NULL, 0, NULL, NULL, NULL, NULL);
INSERT INTO `db_trade_day` VALUES (234, '2020-08-21 00:00:00', 0, 0, NULL, 0, NULL, NULL, NULL, NULL);
INSERT INTO `db_trade_day` VALUES (235, '2020-08-22 00:00:00', 0, 1, NULL, 0, NULL, NULL, NULL, NULL);
INSERT INTO `db_trade_day` VALUES (236, '2020-08-23 00:00:00', 0, 1, NULL, 0, NULL, NULL, NULL, NULL);
INSERT INTO `db_trade_day` VALUES (237, '2020-08-24 00:00:00', 0, 0, NULL, 0, NULL, NULL, NULL, NULL);
INSERT INTO `db_trade_day` VALUES (238, '2020-08-25 00:00:00', 0, 0, NULL, 0, NULL, NULL, NULL, NULL);
INSERT INTO `db_trade_day` VALUES (239, '2020-08-26 00:00:00', 0, 0, NULL, 0, NULL, NULL, NULL, NULL);
INSERT INTO `db_trade_day` VALUES (240, '2020-08-27 00:00:00', 0, 0, NULL, 0, NULL, NULL, NULL, NULL);
INSERT INTO `db_trade_day` VALUES (241, '2020-08-28 00:00:00', 0, 0, NULL, 0, NULL, NULL, NULL, NULL);
INSERT INTO `db_trade_day` VALUES (242, '2020-08-29 00:00:00', 0, 1, NULL, 0, NULL, NULL, NULL, NULL);
INSERT INTO `db_trade_day` VALUES (243, '2020-08-30 00:00:00', 0, 1, NULL, 0, NULL, NULL, NULL, NULL);
INSERT INTO `db_trade_day` VALUES (244, '2020-08-31 00:00:00', 0, 0, NULL, 0, NULL, NULL, NULL, NULL);
INSERT INTO `db_trade_day` VALUES (245, '2020-09-01 00:00:00', 0, 0, NULL, 0, NULL, NULL, NULL, NULL);
INSERT INTO `db_trade_day` VALUES (246, '2020-09-02 00:00:00', 0, 0, NULL, 0, NULL, NULL, NULL, NULL);
INSERT INTO `db_trade_day` VALUES (247, '2020-09-03 00:00:00', 0, 0, NULL, 0, NULL, NULL, NULL, NULL);
INSERT INTO `db_trade_day` VALUES (248, '2020-09-04 00:00:00', 0, 0, NULL, 0, NULL, NULL, NULL, NULL);
INSERT INTO `db_trade_day` VALUES (249, '2020-09-05 00:00:00', 0, 1, NULL, 0, NULL, NULL, NULL, NULL);
INSERT INTO `db_trade_day` VALUES (250, '2020-09-06 00:00:00', 0, 1, NULL, 0, NULL, NULL, NULL, NULL);
INSERT INTO `db_trade_day` VALUES (251, '2020-09-07 00:00:00', 0, 0, NULL, 0, NULL, NULL, NULL, NULL);
INSERT INTO `db_trade_day` VALUES (252, '2020-09-08 00:00:00', 0, 0, NULL, 0, NULL, NULL, NULL, NULL);
INSERT INTO `db_trade_day` VALUES (253, '2020-09-09 00:00:00', 0, 0, NULL, 0, NULL, NULL, NULL, NULL);
INSERT INTO `db_trade_day` VALUES (254, '2020-09-10 00:00:00', 0, 0, NULL, 0, NULL, NULL, NULL, NULL);
INSERT INTO `db_trade_day` VALUES (255, '2020-09-11 00:00:00', 0, 0, NULL, 0, NULL, NULL, NULL, NULL);
INSERT INTO `db_trade_day` VALUES (256, '2020-09-12 00:00:00', 0, 1, NULL, 0, NULL, NULL, NULL, NULL);
INSERT INTO `db_trade_day` VALUES (257, '2020-09-13 00:00:00', 0, 1, NULL, 0, NULL, NULL, NULL, NULL);
INSERT INTO `db_trade_day` VALUES (258, '2020-09-14 00:00:00', 0, 0, NULL, 0, NULL, NULL, NULL, NULL);
INSERT INTO `db_trade_day` VALUES (259, '2020-09-15 00:00:00', 0, 0, NULL, 0, NULL, NULL, NULL, NULL);
INSERT INTO `db_trade_day` VALUES (260, '2020-09-16 00:00:00', 0, 0, NULL, 0, NULL, NULL, NULL, NULL);
INSERT INTO `db_trade_day` VALUES (261, '2020-09-17 00:00:00', 0, 0, NULL, 0, NULL, NULL, NULL, NULL);
INSERT INTO `db_trade_day` VALUES (262, '2020-09-18 00:00:00', 0, 0, NULL, 0, NULL, NULL, NULL, NULL);
INSERT INTO `db_trade_day` VALUES (263, '2020-09-19 00:00:00', 0, 1, NULL, 0, NULL, NULL, NULL, NULL);
INSERT INTO `db_trade_day` VALUES (264, '2020-09-20 00:00:00', 0, 1, NULL, 0, NULL, NULL, NULL, NULL);
INSERT INTO `db_trade_day` VALUES (265, '2020-09-21 00:00:00', 0, 0, NULL, 0, NULL, NULL, NULL, NULL);
INSERT INTO `db_trade_day` VALUES (266, '2020-09-22 00:00:00', 0, 0, NULL, 0, NULL, NULL, NULL, NULL);
INSERT INTO `db_trade_day` VALUES (267, '2020-09-23 00:00:00', 0, 0, NULL, 0, NULL, NULL, NULL, NULL);
INSERT INTO `db_trade_day` VALUES (268, '2020-09-24 00:00:00', 0, 0, NULL, 0, NULL, NULL, NULL, NULL);
INSERT INTO `db_trade_day` VALUES (269, '2020-09-25 00:00:00', 0, 0, NULL, 0, NULL, NULL, NULL, NULL);
INSERT INTO `db_trade_day` VALUES (270, '2020-09-26 00:00:00', 0, 1, NULL, 0, NULL, NULL, NULL, NULL);
INSERT INTO `db_trade_day` VALUES (271, '2020-09-27 00:00:00', 0, 1, NULL, 0, NULL, NULL, NULL, NULL);
INSERT INTO `db_trade_day` VALUES (272, '2020-09-28 00:00:00', 0, 0, NULL, 0, NULL, NULL, NULL, NULL);
INSERT INTO `db_trade_day` VALUES (273, '2020-09-29 00:00:00', 0, 0, NULL, 0, NULL, NULL, NULL, NULL);
INSERT INTO `db_trade_day` VALUES (274, '2020-09-30 00:00:00', 0, 0, NULL, 0, NULL, NULL, NULL, NULL);
INSERT INTO `db_trade_day` VALUES (275, '2020-10-01 00:00:00', 1, 0, NULL, 0, NULL, NULL, NULL, NULL);
INSERT INTO `db_trade_day` VALUES (276, '2020-10-02 00:00:00', 1, 0, NULL, 0, NULL, NULL, NULL, NULL);
INSERT INTO `db_trade_day` VALUES (277, '2020-10-03 00:00:00', 1, 1, NULL, 0, NULL, NULL, NULL, NULL);
INSERT INTO `db_trade_day` VALUES (278, '2020-10-04 00:00:00', 1, 1, NULL, 0, NULL, NULL, NULL, NULL);
INSERT INTO `db_trade_day` VALUES (279, '2020-10-05 00:00:00', 1, 0, NULL, 0, NULL, NULL, NULL, NULL);
INSERT INTO `db_trade_day` VALUES (280, '2020-10-06 00:00:00', 1, 0, NULL, 0, NULL, NULL, NULL, NULL);
INSERT INTO `db_trade_day` VALUES (281, '2020-10-07 00:00:00', 1, 0, NULL, 0, NULL, NULL, NULL, NULL);
INSERT INTO `db_trade_day` VALUES (282, '2020-10-08 00:00:00', 1, 0, NULL, 0, NULL, NULL, NULL, NULL);
INSERT INTO `db_trade_day` VALUES (283, '2020-10-09 00:00:00', 0, 0, NULL, 0, NULL, NULL, NULL, NULL);
INSERT INTO `db_trade_day` VALUES (284, '2020-10-10 00:00:00', 0, 1, NULL, 0, NULL, NULL, NULL, NULL);
INSERT INTO `db_trade_day` VALUES (285, '2020-10-11 00:00:00', 0, 1, NULL, 0, NULL, NULL, NULL, NULL);
INSERT INTO `db_trade_day` VALUES (286, '2020-10-12 00:00:00', 0, 0, NULL, 0, NULL, NULL, NULL, NULL);
INSERT INTO `db_trade_day` VALUES (287, '2020-10-13 00:00:00', 0, 0, NULL, 0, NULL, NULL, NULL, NULL);
INSERT INTO `db_trade_day` VALUES (288, '2020-10-14 00:00:00', 0, 0, NULL, 0, NULL, NULL, NULL, NULL);
INSERT INTO `db_trade_day` VALUES (289, '2020-10-15 00:00:00', 0, 0, NULL, 0, NULL, NULL, NULL, NULL);
INSERT INTO `db_trade_day` VALUES (290, '2020-10-16 00:00:00', 0, 0, NULL, 0, NULL, NULL, NULL, NULL);
INSERT INTO `db_trade_day` VALUES (291, '2020-10-17 00:00:00', 0, 1, NULL, 0, NULL, NULL, NULL, NULL);
INSERT INTO `db_trade_day` VALUES (292, '2020-10-18 00:00:00', 0, 1, NULL, 0, NULL, NULL, NULL, NULL);
INSERT INTO `db_trade_day` VALUES (293, '2020-10-19 00:00:00', 0, 0, NULL, 0, NULL, NULL, NULL, NULL);
INSERT INTO `db_trade_day` VALUES (294, '2020-10-20 00:00:00', 0, 0, NULL, 0, NULL, NULL, NULL, NULL);
INSERT INTO `db_trade_day` VALUES (295, '2020-10-21 00:00:00', 0, 0, NULL, 0, NULL, NULL, NULL, NULL);
INSERT INTO `db_trade_day` VALUES (296, '2020-10-22 00:00:00', 0, 0, NULL, 0, NULL, NULL, NULL, NULL);
INSERT INTO `db_trade_day` VALUES (297, '2020-10-23 00:00:00', 0, 0, NULL, 0, NULL, NULL, NULL, NULL);
INSERT INTO `db_trade_day` VALUES (298, '2020-10-24 00:00:00', 0, 1, NULL, 0, NULL, NULL, NULL, NULL);
INSERT INTO `db_trade_day` VALUES (299, '2020-10-25 00:00:00', 0, 1, NULL, 0, NULL, NULL, NULL, NULL);
INSERT INTO `db_trade_day` VALUES (300, '2020-10-26 00:00:00', 0, 0, NULL, 0, NULL, NULL, NULL, NULL);
INSERT INTO `db_trade_day` VALUES (301, '2020-10-27 00:00:00', 0, 0, NULL, 0, NULL, NULL, NULL, NULL);
INSERT INTO `db_trade_day` VALUES (302, '2020-10-28 00:00:00', 0, 0, NULL, 0, NULL, NULL, NULL, NULL);
INSERT INTO `db_trade_day` VALUES (303, '2020-10-29 00:00:00', 0, 0, NULL, 0, NULL, NULL, NULL, NULL);
INSERT INTO `db_trade_day` VALUES (304, '2020-10-30 00:00:00', 0, 0, NULL, 0, NULL, NULL, NULL, NULL);
INSERT INTO `db_trade_day` VALUES (305, '2020-10-31 00:00:00', 0, 1, NULL, 0, NULL, NULL, NULL, NULL);
INSERT INTO `db_trade_day` VALUES (306, '2020-11-01 00:00:00', 0, 1, NULL, 0, NULL, NULL, NULL, NULL);
INSERT INTO `db_trade_day` VALUES (307, '2020-11-02 00:00:00', 0, 0, NULL, 0, NULL, NULL, NULL, NULL);
INSERT INTO `db_trade_day` VALUES (308, '2020-11-03 00:00:00', 0, 0, NULL, 0, NULL, NULL, NULL, NULL);
INSERT INTO `db_trade_day` VALUES (309, '2020-11-04 00:00:00', 0, 0, NULL, 0, NULL, NULL, NULL, NULL);
INSERT INTO `db_trade_day` VALUES (310, '2020-11-05 00:00:00', 0, 0, NULL, 0, NULL, NULL, NULL, NULL);
INSERT INTO `db_trade_day` VALUES (311, '2020-11-06 00:00:00', 0, 0, NULL, 0, NULL, NULL, NULL, NULL);
INSERT INTO `db_trade_day` VALUES (312, '2020-11-07 00:00:00', 0, 1, NULL, 0, NULL, NULL, NULL, NULL);
INSERT INTO `db_trade_day` VALUES (313, '2020-11-08 00:00:00', 0, 1, NULL, 0, NULL, NULL, NULL, NULL);
INSERT INTO `db_trade_day` VALUES (314, '2020-11-09 00:00:00', 0, 0, NULL, 0, NULL, NULL, NULL, NULL);
INSERT INTO `db_trade_day` VALUES (315, '2020-11-10 00:00:00', 0, 0, NULL, 0, NULL, NULL, NULL, NULL);
INSERT INTO `db_trade_day` VALUES (316, '2020-11-11 00:00:00', 0, 0, NULL, 0, NULL, NULL, NULL, NULL);
INSERT INTO `db_trade_day` VALUES (317, '2020-11-12 00:00:00', 0, 0, NULL, 0, NULL, NULL, NULL, NULL);
INSERT INTO `db_trade_day` VALUES (318, '2020-11-13 00:00:00', 0, 0, NULL, 0, NULL, NULL, NULL, NULL);
INSERT INTO `db_trade_day` VALUES (319, '2020-11-14 00:00:00', 0, 1, NULL, 0, NULL, NULL, NULL, NULL);
INSERT INTO `db_trade_day` VALUES (320, '2020-11-15 00:00:00', 0, 1, NULL, 0, NULL, NULL, NULL, NULL);
INSERT INTO `db_trade_day` VALUES (321, '2020-11-16 00:00:00', 0, 0, NULL, 0, NULL, NULL, NULL, NULL);
INSERT INTO `db_trade_day` VALUES (322, '2020-11-17 00:00:00', 0, 0, NULL, 0, NULL, NULL, NULL, NULL);
INSERT INTO `db_trade_day` VALUES (323, '2020-11-18 00:00:00', 0, 0, NULL, 0, NULL, NULL, NULL, NULL);
INSERT INTO `db_trade_day` VALUES (324, '2020-11-19 00:00:00', 0, 0, NULL, 0, NULL, NULL, NULL, NULL);
INSERT INTO `db_trade_day` VALUES (325, '2020-11-20 00:00:00', 0, 0, NULL, 0, NULL, NULL, NULL, NULL);
INSERT INTO `db_trade_day` VALUES (326, '2020-11-21 00:00:00', 0, 1, NULL, 0, NULL, NULL, NULL, NULL);
INSERT INTO `db_trade_day` VALUES (327, '2020-11-22 00:00:00', 0, 1, NULL, 0, NULL, NULL, NULL, NULL);
INSERT INTO `db_trade_day` VALUES (328, '2020-11-23 00:00:00', 0, 0, NULL, 0, NULL, NULL, NULL, NULL);
INSERT INTO `db_trade_day` VALUES (329, '2020-11-24 00:00:00', 0, 0, NULL, 0, NULL, NULL, NULL, NULL);
INSERT INTO `db_trade_day` VALUES (330, '2020-11-25 00:00:00', 0, 0, NULL, 0, NULL, NULL, NULL, NULL);
INSERT INTO `db_trade_day` VALUES (331, '2020-11-26 00:00:00', 0, 0, NULL, 0, NULL, NULL, NULL, NULL);
INSERT INTO `db_trade_day` VALUES (332, '2020-11-27 00:00:00', 0, 0, NULL, 0, NULL, NULL, NULL, NULL);
INSERT INTO `db_trade_day` VALUES (333, '2020-11-28 00:00:00', 0, 1, NULL, 0, NULL, NULL, NULL, NULL);
INSERT INTO `db_trade_day` VALUES (334, '2020-11-29 00:00:00', 0, 1, NULL, 0, NULL, NULL, NULL, NULL);
INSERT INTO `db_trade_day` VALUES (335, '2020-11-30 00:00:00', 0, 0, NULL, 0, NULL, NULL, NULL, NULL);
INSERT INTO `db_trade_day` VALUES (336, '2020-12-01 00:00:00', 0, 0, NULL, 0, NULL, NULL, NULL, NULL);
INSERT INTO `db_trade_day` VALUES (337, '2020-12-02 00:00:00', 0, 0, NULL, 0, NULL, NULL, NULL, NULL);
INSERT INTO `db_trade_day` VALUES (338, '2020-12-03 00:00:00', 0, 0, NULL, 0, NULL, NULL, NULL, NULL);
INSERT INTO `db_trade_day` VALUES (339, '2020-12-04 00:00:00', 0, 0, NULL, 0, NULL, NULL, NULL, NULL);
INSERT INTO `db_trade_day` VALUES (340, '2020-12-05 00:00:00', 0, 1, NULL, 0, NULL, NULL, NULL, NULL);
INSERT INTO `db_trade_day` VALUES (341, '2020-12-06 00:00:00', 0, 1, NULL, 0, NULL, NULL, NULL, NULL);
INSERT INTO `db_trade_day` VALUES (342, '2020-12-07 00:00:00', 0, 0, NULL, 0, NULL, NULL, NULL, NULL);
INSERT INTO `db_trade_day` VALUES (343, '2020-12-08 00:00:00', 0, 0, NULL, 0, NULL, NULL, NULL, NULL);
INSERT INTO `db_trade_day` VALUES (344, '2020-12-09 00:00:00', 0, 0, NULL, 0, NULL, NULL, NULL, NULL);
INSERT INTO `db_trade_day` VALUES (345, '2020-12-10 00:00:00', 0, 0, NULL, 0, NULL, NULL, NULL, NULL);
INSERT INTO `db_trade_day` VALUES (346, '2020-12-11 00:00:00', 0, 0, NULL, 0, NULL, NULL, NULL, NULL);
INSERT INTO `db_trade_day` VALUES (347, '2020-12-12 00:00:00', 0, 1, NULL, 0, NULL, NULL, NULL, NULL);
INSERT INTO `db_trade_day` VALUES (348, '2020-12-13 00:00:00', 0, 1, NULL, 0, NULL, NULL, NULL, NULL);
INSERT INTO `db_trade_day` VALUES (349, '2020-12-14 00:00:00', 0, 0, NULL, 0, NULL, NULL, NULL, NULL);
INSERT INTO `db_trade_day` VALUES (350, '2020-12-15 00:00:00', 0, 0, NULL, 0, NULL, NULL, NULL, NULL);
INSERT INTO `db_trade_day` VALUES (351, '2020-12-16 00:00:00', 0, 0, NULL, 0, NULL, NULL, NULL, NULL);
INSERT INTO `db_trade_day` VALUES (352, '2020-12-17 00:00:00', 0, 0, NULL, 0, NULL, NULL, NULL, NULL);
INSERT INTO `db_trade_day` VALUES (353, '2020-12-18 00:00:00', 0, 0, NULL, 0, NULL, NULL, NULL, NULL);
INSERT INTO `db_trade_day` VALUES (354, '2020-12-19 00:00:00', 0, 1, NULL, 0, NULL, NULL, NULL, NULL);
INSERT INTO `db_trade_day` VALUES (355, '2020-12-20 00:00:00', 0, 1, NULL, 0, NULL, NULL, NULL, NULL);
INSERT INTO `db_trade_day` VALUES (356, '2020-12-21 00:00:00', 0, 0, NULL, 0, NULL, NULL, NULL, NULL);
INSERT INTO `db_trade_day` VALUES (357, '2020-12-22 00:00:00', 0, 0, NULL, 0, NULL, NULL, NULL, NULL);
INSERT INTO `db_trade_day` VALUES (358, '2020-12-23 00:00:00', 0, 0, NULL, 0, NULL, NULL, NULL, NULL);
INSERT INTO `db_trade_day` VALUES (359, '2020-12-24 00:00:00', 0, 0, NULL, 0, NULL, NULL, NULL, NULL);
INSERT INTO `db_trade_day` VALUES (360, '2020-12-25 00:00:00', 0, 0, NULL, 0, NULL, NULL, NULL, NULL);
INSERT INTO `db_trade_day` VALUES (361, '2020-12-26 00:00:00', 0, 1, NULL, 0, NULL, NULL, NULL, NULL);
INSERT INTO `db_trade_day` VALUES (362, '2020-12-27 00:00:00', 0, 1, NULL, 0, NULL, NULL, NULL, NULL);
INSERT INTO `db_trade_day` VALUES (363, '2020-12-28 00:00:00', 0, 0, NULL, 0, NULL, NULL, NULL, NULL);
INSERT INTO `db_trade_day` VALUES (364, '2020-12-29 00:00:00', 0, 0, NULL, 0, NULL, NULL, NULL, NULL);
INSERT INTO `db_trade_day` VALUES (365, '2020-12-30 00:00:00', 0, 0, NULL, 0, NULL, NULL, NULL, NULL);
INSERT INTO `db_trade_day` VALUES (366, '2020-12-31 00:00:00', 0, 0, NULL, 0, NULL, NULL, NULL, NULL);

SET FOREIGN_KEY_CHECKS = 1;
